{"templates":["022cdcac9e41140ba1da75f69d97bd345a8115bc"],"oligo":{"based_on":"monomer","res_to_mdl":61,"state":"monomer","state_bu":"hetero-oligomer","qs_prediction":"0.000","qs_conserved":"not conserved","chains_to_mdl":1,"state_tpl":"monomer"},"gdt_ha":null,"pred_lddt":0.0399999991,"gdt_ts":null,"chain_subprj_list":null,"creation_date":"2018-09-27","ligands":[],"modified_template":false,"residue_range":[{"chain_name":"A","residue_from":"470","residue_to":"532"}],"lddt_ca":null,"mod_engine":"PROMOD3","lddt":null}