{"templates":["cf6488ebc1ea4e88949b6885ec8845ff3a056a20"],"oligo":{"based_on":"monomer","res_to_mdl":57,"state":"monomer","state_bu":"hetero-oligomer","qs_prediction":"0.000","qs_conserved":"not conserved","chains_to_mdl":1,"state_tpl":"monomer"},"gdt_ha":null,"pred_lddt":0.0289999992,"gdt_ts":null,"chain_subprj_list":null,"creation_date":"2018-09-27","ligands":[],"modified_template":false,"residue_range":[{"chain_name":"A","residue_from":"479","residue_to":"524"}],"lddt_ca":null,"mod_engine":"PROMOD3","lddt":null}