Well	Cycle	Î”Rn
A1	1	-193.4169921875
A1	2	193.4169921875
A1	3	500.4619140625
A1	4	794.9296875
A1	5	990.658203125
A1	6	1202.4111328125
A1	7	1342.5107421875
A1	8	1447.5029296875
A1	9	1504.701171875
A1	10	1599.5849609375
A1	11	1703.875
A1	12	1779.5107421875
A1	13	1844.97265625
A1	14	1918.9716796875
A1	15	1983.6396484375
A1	16	2024.037109375
A1	17	2111.0224609375
A1	18	2189.5146484375
A1	19	2244.857421875
A1	20	2356.4306640625
A1	21	2518.9814453125
A1	22	2922.8974609375
A1	23	3726.4619140625
A1	24	5302.0302734375
A1	25	8427.4267578125
A1	26	14288.5322265625
A1	27	25175.92578125
A1	28	43825.9140625
A1	29	71483.5
A1	30	102873.828125
A1	31	127243
A1	32	140819.859375
A1	33	149457.109375
A1	34	154182.6875
A1	35	157656.359375
A1	36	159927.3125
A1	37	161300.9375
A1	38	162420.609375
A1	39	162588.90625
A1	40	162911.65625
A2	1	-527.6494140625
A2	2	527.6494140625
A2	3	1474.3916015625
A2	4	2375.6337890625
A2	5	3824.2294921875
A2	6	6289.4580078125
A2	7	10631.4423828125
A2	8	18565.01953125
A2	9	32483.34765625
A2	10	55960.6171875
A2	11	89021.0234375
A2	12	124854.9140625
A2	13	148923.640625
A2	14	157263.78125
A2	15	162545.3125
A2	16	165434.8125
A2	17	168614.3125
A2	18	171435.984375
A2	19	172348.25
A2	20	173809.03125
A2	21	175304.953125
A2	22	176122.4375
A2	23	177284.84375
A2	24	178071.390625
A2	25	179656.453125
A2	26	180084.78125
A2	27	180278.671875
A2	28	181223.328125
A2	29	182028.8125
A2	30	182191.90625
A2	31	182994.359375
A2	32	182894.40625
A2	33	183429.71875
A2	34	183745.78125
A2	35	184478.53125
A2	36	184782.8125
A2	37	184653.90625
A2	38	184974.90625
A2	39	185029.921875
A2	40	185675.5
A3	1	-312.5810546875
A3	2	312.5810546875
A3	3	935.4736328125
A3	4	1693.1826171875
A3	5	2748.95703125
A3	6	4603.2138671875
A3	7	8047.1474609375
A3	8	14466.8505859375
A3	9	26071.54296875
A3	10	46300.0703125
A3	11	77628.125
A3	12	116768.1796875
A3	13	152717.34375
A3	14	169203.6875
A3	15	176663.25
A3	16	180033.578125
A3	17	183515.03125
A3	18	186778.953125
A3	19	188590.28125
A3	20	190678.90625
A3	21	192096.8125
A3	22	192605.8125
A3	23	194132.328125
A3	24	195015.46875
A3	25	195952.515625
A3	26	196491.828125
A3	27	197445.09375
A3	28	198246.734375
A3	29	198884.125
A3	30	199343.03125
A3	31	199910.8125
A3	32	200497.59375
A3	33	201233.515625
A3	34	201271.71875
A3	35	201692.578125
A3	36	202205.890625
A3	37	202232.75
A3	38	203056.140625
A3	39	202726.40625
A3	40	202624.4375
A4	1	-521.1196289063
A4	2	521.1196289063
A4	3	1146.4458007813
A4	4	1837.7114257813
A4	5	3013.0756835938
A4	6	4863.4223632813
A4	7	8447.810546875
A4	8	14898.392578125
A4	9	26559.419921875
A4	10	46958.234375
A4	11	79519.0390625
A4	12	117949.7421875
A4	13	153428.9375
A4	14	170300.203125
A4	15	177814
A4	16	182355.71875
A4	17	185460.28125
A4	18	189178.359375
A4	19	192229.71875
A4	20	194415.5625
A4	21	195681.875
A4	22	198246.75
A4	23	198750.3125
A4	24	198978.09375
A4	25	200190.25
A4	26	201265.046875
A4	27	204101.609375
A4	28	203362.125
A4	29	204235.3125
A4	30	204322.8125
A4	31	204929.546875
A4	32	205245.375
A4	33	206165.5
A4	34	206601.4375
A4	35	207956.96875
A4	36	208613.0625
A4	37	206608.625
A4	38	208652.421875
A4	39	206647.96875
A4	40	207158.5625
A5	1	-317.3852539063
A5	2	317.3852539063
A5	3	808.6088867188
A5	4	1440.6752929688
A5	5	2369.8676757813
A5	6	3994.9438476563
A5	7	6926.3188476563
A5	8	12348.189453125
A5	9	22212.97265625
A5	10	39499.09765625
A5	11	66315.8046875
A5	12	100492.34375
A5	13	131977.78125
A5	14	147184.328125
A5	15	153390.015625
A5	16	156591.921875
A5	17	159555.234375
A5	18	162568.671875
A5	19	164661.171875
A5	20	166027.890625
A5	21	167309.25
A5	22	168818.828125
A5	23	169923.328125
A5	24	171111.421875
A5	25	171847.546875
A5	26	172549.25
A5	27	173634.640625
A5	28	174619.078125
A5	29	175021.6875
A5	30	175337.796875
A5	31	176093.796875
A5	32	176547.0625
A5	33	176919.171875
A5	34	177136.1875
A5	35	177619.109375
A5	36	177900.859375
A5	37	178005.359375
A5	38	178091.203125
A5	39	178576.984375
A5	40	178382.859375
A6	1	
A6	2	
A6	3	
A6	4	
A6	5	
A6	6	
A6	7	
A6	8	
A6	9	
A6	10	
A6	11	
A6	12	
A6	13	
A6	14	
A6	15	
A6	16	
A6	17	
A6	18	
A6	19	
A6	20	
A6	21	
A6	22	
A6	23	
A6	24	
A6	25	
A6	26	
A6	27	
A6	28	
A6	29	
A6	30	
A6	31	
A6	32	
A6	33	
A6	34	
A6	35	
A6	36	
A6	37	
A6	38	
A6	39	
A6	40	
A7	1	
A7	2	
A7	3	
A7	4	
A7	5	
A7	6	
A7	7	
A7	8	
A7	9	
A7	10	
A7	11	
A7	12	
A7	13	
A7	14	
A7	15	
A7	16	
A7	17	
A7	18	
A7	19	
A7	20	
A7	21	
A7	22	
A7	23	
A7	24	
A7	25	
A7	26	
A7	27	
A7	28	
A7	29	
A7	30	
A7	31	
A7	32	
A7	33	
A7	34	
A7	35	
A7	36	
A7	37	
A7	38	
A7	39	
A7	40	
A8	1	
A8	2	
A8	3	
A8	4	
A8	5	
A8	6	
A8	7	
A8	8	
A8	9	
A8	10	
A8	11	
A8	12	
A8	13	
A8	14	
A8	15	
A8	16	
A8	17	
A8	18	
A8	19	
A8	20	
A8	21	
A8	22	
A8	23	
A8	24	
A8	25	
A8	26	
A8	27	
A8	28	
A8	29	
A8	30	
A8	31	
A8	32	
A8	33	
A8	34	
A8	35	
A8	36	
A8	37	
A8	38	
A8	39	
A8	40	
A9	1	
A9	2	
A9	3	
A9	4	
A9	5	
A9	6	
A9	7	
A9	8	
A9	9	
A9	10	
A9	11	
A9	12	
A9	13	
A9	14	
A9	15	
A9	16	
A9	17	
A9	18	
A9	19	
A9	20	
A9	21	
A9	22	
A9	23	
A9	24	
A9	25	
A9	26	
A9	27	
A9	28	
A9	29	
A9	30	
A9	31	
A9	32	
A9	33	
A9	34	
A9	35	
A9	36	
A9	37	
A9	38	
A9	39	
A9	40	
A10	1	
A10	2	
A10	3	
A10	4	
A10	5	
A10	6	
A10	7	
A10	8	
A10	9	
A10	10	
A10	11	
A10	12	
A10	13	
A10	14	
A10	15	
A10	16	
A10	17	
A10	18	
A10	19	
A10	20	
A10	21	
A10	22	
A10	23	
A10	24	
A10	25	
A10	26	
A10	27	
A10	28	
A10	29	
A10	30	
A10	31	
A10	32	
A10	33	
A10	34	
A10	35	
A10	36	
A10	37	
A10	38	
A10	39	
A10	40	
A11	1	
A11	2	
A11	3	
A11	4	
A11	5	
A11	6	
A11	7	
A11	8	
A11	9	
A11	10	
A11	11	
A11	12	
A11	13	
A11	14	
A11	15	
A11	16	
A11	17	
A11	18	
A11	19	
A11	20	
A11	21	
A11	22	
A11	23	
A11	24	
A11	25	
A11	26	
A11	27	
A11	28	
A11	29	
A11	30	
A11	31	
A11	32	
A11	33	
A11	34	
A11	35	
A11	36	
A11	37	
A11	38	
A11	39	
A11	40	
A12	1	
A12	2	
A12	3	
A12	4	
A12	5	
A12	6	
A12	7	
A12	8	
A12	9	
A12	10	
A12	11	
A12	12	
A12	13	
A12	14	
A12	15	
A12	16	
A12	17	
A12	18	
A12	19	
A12	20	
A12	21	
A12	22	
A12	23	
A12	24	
A12	25	
A12	26	
A12	27	
A12	28	
A12	29	
A12	30	
A12	31	
A12	32	
A12	33	
A12	34	
A12	35	
A12	36	
A12	37	
A12	38	
A12	39	
A12	40	
B1	1	-1858.79296875
B1	2	-982.9091186523
B1	3	-491.2938537598
B1	4	-167.7195892334
B1	5	-56.2800865173
B1	6	156.4621582031
B1	7	137.3352508545
B1	8	248.8528747559
B1	9	233.895904541
B1	10	240.8217315674
B1	11	269.7963867188
B1	12	118.0015258789
B1	13	-63.86561203
B1	14	-100.068687439
B1	15	-284.3811340332
B1	16	-241.5568695068
B1	17	-321.6056518555
B1	18	-302.3770751953
B1	19	-346.2070922852
B1	20	-355.9355773926
B1	21	-354.3027038574
B1	22	-165.6249084473
B1	23	105.6778717041
B1	24	695.7072143555
B1	25	1812.0568847656
B1	26	4076.2971191406
B1	27	8664.208984375
B1	28	17117.216796875
B1	29	32239.908203125
B1	30	56423.85546875
B1	31	89910.671875
B1	32	123684.9296875
B1	33	144167.3125
B1	34	151089.15625
B1	35	156045.3125
B1	36	160589.390625
B1	37	162813.96875
B1	38	164764.65625
B1	39	167178.390625
B1	40	167890.703125
B2	1	-143.5454101563
B2	2	143.5454101563
B2	3	666.5415039063
B2	4	1411.2192382813
B2	5	2644.3520507813
B2	6	5214.9594726563
B2	7	9799.46875
B2	8	18446.640625
B2	9	33520.83203125
B2	10	58768.58984375
B2	11	94110.96875
B2	12	132028.421875
B2	13	158036.984375
B2	14	167260.140625
B2	15	173219.890625
B2	16	176309.546875
B2	17	179527.5
B2	18	182547.703125
B2	19	184525.65625
B2	20	186355.578125
B2	21	187721.921875
B2	22	189607.8125
B2	23	189831.9375
B2	24	191148.171875
B2	25	192287.359375
B2	26	192722.203125
B2	27	192850.046875
B2	28	193853.015625
B2	29	195092.34375
B2	30	194080.65625
B2	31	194968.421875
B2	32	195199.078125
B2	33	195451.46875
B2	34	195936.96875
B2	35	195847.75
B2	36	196024.390625
B2	37	196677.0625
B2	38	196844.46875
B2	39	196750.6875
B2	40	197075.046875
B3	1	-74.2719726563
B3	2	74.2719726563
B3	3	507.7924804688
B3	4	1189.5590820313
B3	5	2337.4047851563
B3	6	4614.1499023438
B3	7	8766.048828125
B3	8	16488.982421875
B3	9	30363.677734375
B3	10	54077.84765625
B3	11	88860.921875
B3	12	128926.015625
B3	13	160045.671875
B3	14	171857.828125
B3	15	177602.859375
B3	16	180906.765625
B3	17	184095.09375
B3	18	187268.296875
B3	19	188858.828125
B3	20	191174.734375
B3	21	191971.640625
B3	22	193759.171875
B3	23	194254.359375
B3	24	195532.15625
B3	25	197058.5
B3	26	197428.21875
B3	27	198346.78125
B3	28	200057.640625
B3	29	200017.1875
B3	30	200735.171875
B3	31	201619.9375
B3	32	201927.453125
B3	33	202954.796875
B3	34	203181.234375
B3	35	202966.890625
B3	36	203793.296875
B3	37	203729.453125
B3	38	203465.453125
B3	39	203684.359375
B3	40	204086.484375
B4	1	-36.6616210938
B4	2	36.6616210938
B4	3	129.4028320313
B4	4	390.0922851563
B4	5	745.9545898438
B4	6	1434.4389648438
B4	7	2704.7651367188
B4	8	5058.4721679688
B4	9	9338.771484375
B4	10	17497.341796875
B4	11	32449.455078125
B4	12	57155.95703125
B4	13	93343.1640625
B4	14	134515.546875
B4	15	165830.1875
B4	16	178655.25
B4	17	184591.5
B4	18	188868.90625
B4	19	192339.671875
B4	20	195230.578125
B4	21	197378
B4	22	199568.65625
B4	23	200949.34375
B4	24	201965.5625
B4	25	202941.59375
B4	26	204090.265625
B4	27	205818.21875
B4	28	206264.96875
B4	29	206788
B4	30	207570.15625
B4	31	208233.140625
B4	32	208584.65625
B4	33	210034.59375
B4	34	210192.21875
B4	35	211127.625
B4	36	212351.5
B4	37	211140.375
B4	38	212829.75
B4	39	212229.28125
B4	40	212362.78125
B5	1	-74.6123046875
B5	2	74.6123046875
B5	3	165.552734375
B5	4	234.3994140625
B5	5	311.01953125
B5	6	396.3232421875
B5	7	508.90625
B5	8	718.392578125
B5	9	1040.9306640625
B5	10	1774.1171875
B5	11	3047.576171875
B5	12	5670.71875
B5	13	10502.400390625
B5	14	19396.4609375
B5	15	35196.5703125
B5	16	60915.890625
B5	17	95907.5078125
B5	18	131944.390625
B5	19	153984.4375
B5	20	161511.78125
B5	21	165914.75
B5	22	169167.796875
B5	23	171740.25
B5	24	174519.390625
B5	25	176264.03125
B5	26	178160.90625
B5	27	179946.171875
B5	28	181746.484375
B5	29	182857.8125
B5	30	184046.078125
B5	31	185179.671875
B5	32	185612.484375
B5	33	186485
B5	34	187027.109375
B5	35	187656.890625
B5	36	188656.953125
B5	37	189206.59375
B5	38	189619.125
B5	39	189652.6875
B5	40	189897.453125
B6	1	
B6	2	
B6	3	
B6	4	
B6	5	
B6	6	
B6	7	
B6	8	
B6	9	
B6	10	
B6	11	
B6	12	
B6	13	
B6	14	
B6	15	
B6	16	
B6	17	
B6	18	
B6	19	
B6	20	
B6	21	
B6	22	
B6	23	
B6	24	
B6	25	
B6	26	
B6	27	
B6	28	
B6	29	
B6	30	
B6	31	
B6	32	
B6	33	
B6	34	
B6	35	
B6	36	
B6	37	
B6	38	
B6	39	
B6	40	
B7	1	
B7	2	
B7	3	
B7	4	
B7	5	
B7	6	
B7	7	
B7	8	
B7	9	
B7	10	
B7	11	
B7	12	
B7	13	
B7	14	
B7	15	
B7	16	
B7	17	
B7	18	
B7	19	
B7	20	
B7	21	
B7	22	
B7	23	
B7	24	
B7	25	
B7	26	
B7	27	
B7	28	
B7	29	
B7	30	
B7	31	
B7	32	
B7	33	
B7	34	
B7	35	
B7	36	
B7	37	
B7	38	
B7	39	
B7	40	
B8	1	
B8	2	
B8	3	
B8	4	
B8	5	
B8	6	
B8	7	
B8	8	
B8	9	
B8	10	
B8	11	
B8	12	
B8	13	
B8	14	
B8	15	
B8	16	
B8	17	
B8	18	
B8	19	
B8	20	
B8	21	
B8	22	
B8	23	
B8	24	
B8	25	
B8	26	
B8	27	
B8	28	
B8	29	
B8	30	
B8	31	
B8	32	
B8	33	
B8	34	
B8	35	
B8	36	
B8	37	
B8	38	
B8	39	
B8	40	
B9	1	
B9	2	
B9	3	
B9	4	
B9	5	
B9	6	
B9	7	
B9	8	
B9	9	
B9	10	
B9	11	
B9	12	
B9	13	
B9	14	
B9	15	
B9	16	
B9	17	
B9	18	
B9	19	
B9	20	
B9	21	
B9	22	
B9	23	
B9	24	
B9	25	
B9	26	
B9	27	
B9	28	
B9	29	
B9	30	
B9	31	
B9	32	
B9	33	
B9	34	
B9	35	
B9	36	
B9	37	
B9	38	
B9	39	
B9	40	
B10	1	
B10	2	
B10	3	
B10	4	
B10	5	
B10	6	
B10	7	
B10	8	
B10	9	
B10	10	
B10	11	
B10	12	
B10	13	
B10	14	
B10	15	
B10	16	
B10	17	
B10	18	
B10	19	
B10	20	
B10	21	
B10	22	
B10	23	
B10	24	
B10	25	
B10	26	
B10	27	
B10	28	
B10	29	
B10	30	
B10	31	
B10	32	
B10	33	
B10	34	
B10	35	
B10	36	
B10	37	
B10	38	
B10	39	
B10	40	
B11	1	
B11	2	
B11	3	
B11	4	
B11	5	
B11	6	
B11	7	
B11	8	
B11	9	
B11	10	
B11	11	
B11	12	
B11	13	
B11	14	
B11	15	
B11	16	
B11	17	
B11	18	
B11	19	
B11	20	
B11	21	
B11	22	
B11	23	
B11	24	
B11	25	
B11	26	
B11	27	
B11	28	
B11	29	
B11	30	
B11	31	
B11	32	
B11	33	
B11	34	
B11	35	
B11	36	
B11	37	
B11	38	
B11	39	
B11	40	
B12	1	
B12	2	
B12	3	
B12	4	
B12	5	
B12	6	
B12	7	
B12	8	
B12	9	
B12	10	
B12	11	
B12	12	
B12	13	
B12	14	
B12	15	
B12	16	
B12	17	
B12	18	
B12	19	
B12	20	
B12	21	
B12	22	
B12	23	
B12	24	
B12	25	
B12	26	
B12	27	
B12	28	
B12	29	
B12	30	
B12	31	
B12	32	
B12	33	
B12	34	
B12	35	
B12	36	
B12	37	
B12	38	
B12	39	
B12	40	
C1	1	10.7001180649
C1	2	44.1476478577
C1	3	21.0695114136
C1	4	33.4665336609
C1	5	19.6101398468
C1	6	11.9095058441
C1	7	-12.0029191971
C1	8	8.2488088608
C1	9	-9.1044425964
C1	10	5.8191304207
C1	11	2.9471406937
C1	12	-7.2574906349
C1	13	-21.405664444
C1	14	-32.8606910706
C1	15	-36.7797088623
C1	16	-32.8743247986
C1	17	-15.2332220078
C1	18	-6.6380486488
C1	19	-6.2445354462
C1	20	-4.003549099
C1	21	-4.9507336617
C1	22	15.9206237793
C1	23	23.6206855774
C1	24	-3.4877536297
C1	25	-18.3130207062
C1	26	10.418138504
C1	27	23.386390686
C1	28	34.7394981384
C1	29	22.4681243896
C1	30	23.5123023987
C1	31	26.2539310455
C1	32	30.5876293182
C1	33	36.4742774963
C1	34	47.6049728394
C1	35	37.2257804871
C1	36	55.0178527832
C1	37	39.7029304504
C1	38	47.2458572388
C1	39	54.5330810547
C1	40	61.0027961731
C2	1	-127.2983398438
C2	2	127.2983398438
C2	3	545.0229492188
C2	4	1207.6088867188
C2	5	2476.6967773438
C2	6	4865.0073242188
C2	7	9265.67578125
C2	8	17408.880859375
C2	9	31477.92578125
C2	10	55282.26171875
C2	11	88973.34375
C2	12	124718.625
C2	13	149487.515625
C2	14	158107.359375
C2	15	163533.046875
C2	16	166109.140625
C2	17	169216.015625
C2	18	172923.8125
C2	19	173919
C2	20	175133.984375
C2	21	176023.015625
C2	22	178025.984375
C2	23	178401.21875
C2	24	179580.125
C2	25	181063.296875
C2	26	181559.609375
C2	27	181898.390625
C2	28	183232.5
C2	29	184017.234375
C2	30	184028.3125
C2	31	184885.734375
C2	32	184716.296875
C2	33	184910.765625
C2	34	185776.171875
C2	35	186378.234375
C2	36	186414.828125
C2	37	186765.0625
C2	38	186844.3125
C2	39	187258.59375
C2	40	187838.203125
C3	1	-49.5405273438
C3	2	49.5405273438
C3	3	409.8334960938
C3	4	1036.8774414063
C3	5	2217.5727539063
C3	6	4291.8754882813
C3	7	8100.8754882813
C3	8	15247.658203125
C3	9	28269.7109375
C3	10	50466.16015625
C3	11	83098.1484375
C3	12	122175.8359375
C3	13	150781.875
C3	14	162171.140625
C3	15	168503.15625
C3	16	171511.84375
C3	17	174455.734375
C3	18	177466.53125
C3	19	179903.0625
C3	20	181402.78125
C3	21	182628.921875
C3	22	184892.9375
C3	23	185541.9375
C3	24	186747.140625
C3	25	187823.515625
C3	26	188084.203125
C3	27	190017.09375
C3	28	190799.515625
C3	29	189859.53125
C3	30	190595.671875
C3	31	190807.84375
C3	32	190729.640625
C3	33	190906.1875
C3	34	191037.28125
C3	35	191682.59375
C3	36	192380.90625
C3	37	192143.25
C3	38	191906.59375
C3	39	192400.375
C3	40	192169.609375
C4	1	-164.8125
C4	2	164.8125
C4	3	440.498046875
C4	4	851.8515625
C4	5	1592.9208984375
C4	6	2937.54296875
C4	7	5466.494140625
C4	8	10157.322265625
C4	9	18766.908203125
C4	10	34110.78125
C4	11	60131.59375
C4	12	96082.4609375
C4	13	135186.125
C4	14	161798.75
C4	15	173069.5625
C4	16	177223.328125
C4	17	181265.0625
C4	18	183924
C4	19	185737.703125
C4	20	187688.71875
C4	21	189341.0625
C4	22	191057.609375
C4	23	191631.8125
C4	24	192262.59375
C4	25	193484.96875
C4	26	194407.703125
C4	27	195900.40625
C4	28	196300.59375
C4	29	197030.875
C4	30	197497.78125
C4	31	198042.0625
C4	32	197950.921875
C4	33	199088.59375
C4	34	199676.078125
C4	35	199925.9375
C4	36	200847.75
C4	37	200106.796875
C4	38	201139.78125
C4	39	200439.640625
C4	40	200497.625
C5	1	-54.072265625
C5	2	54.072265625
C5	3	400.130859375
C5	4	761.5546875
C5	5	1459.2578125
C5	6	2530.1181640625
C5	7	4664.943359375
C5	8	8615.859375
C5	9	15886.0234375
C5	10	29338.6796875
C5	11	51616.88671875
C5	12	83862.265625
C5	13	120352.71875
C5	14	147355.3125
C5	15	158311.203125
C5	16	162867.5
C5	17	165671.671875
C5	18	168332.1875
C5	19	171062.234375
C5	20	172652.8125
C5	21	173647.28125
C5	22	175767.375
C5	23	176531.53125
C5	24	177160.984375
C5	25	178507.4375
C5	26	179576.046875
C5	27	179886.65625
C5	28	180984.28125
C5	29	182410.5625
C5	30	182230.125
C5	31	183160.34375
C5	32	183146.65625
C5	33	184131.34375
C5	34	184377.0625
C5	35	184045.265625
C5	36	185663.59375
C5	37	185067.90625
C5	38	185707.6875
C5	39	185443.375
C5	40	186163.4375
C6	1	
C6	2	
C6	3	
C6	4	
C6	5	
C6	6	
C6	7	
C6	8	
C6	9	
C6	10	
C6	11	
C6	12	
C6	13	
C6	14	
C6	15	
C6	16	
C6	17	
C6	18	
C6	19	
C6	20	
C6	21	
C6	22	
C6	23	
C6	24	
C6	25	
C6	26	
C6	27	
C6	28	
C6	29	
C6	30	
C6	31	
C6	32	
C6	33	
C6	34	
C6	35	
C6	36	
C6	37	
C6	38	
C6	39	
C6	40	
C7	1	
C7	2	
C7	3	
C7	4	
C7	5	
C7	6	
C7	7	
C7	8	
C7	9	
C7	10	
C7	11	
C7	12	
C7	13	
C7	14	
C7	15	
C7	16	
C7	17	
C7	18	
C7	19	
C7	20	
C7	21	
C7	22	
C7	23	
C7	24	
C7	25	
C7	26	
C7	27	
C7	28	
C7	29	
C7	30	
C7	31	
C7	32	
C7	33	
C7	34	
C7	35	
C7	36	
C7	37	
C7	38	
C7	39	
C7	40	
C8	1	
C8	2	
C8	3	
C8	4	
C8	5	
C8	6	
C8	7	
C8	8	
C8	9	
C8	10	
C8	11	
C8	12	
C8	13	
C8	14	
C8	15	
C8	16	
C8	17	
C8	18	
C8	19	
C8	20	
C8	21	
C8	22	
C8	23	
C8	24	
C8	25	
C8	26	
C8	27	
C8	28	
C8	29	
C8	30	
C8	31	
C8	32	
C8	33	
C8	34	
C8	35	
C8	36	
C8	37	
C8	38	
C8	39	
C8	40	
C9	1	
C9	2	
C9	3	
C9	4	
C9	5	
C9	6	
C9	7	
C9	8	
C9	9	
C9	10	
C9	11	
C9	12	
C9	13	
C9	14	
C9	15	
C9	16	
C9	17	
C9	18	
C9	19	
C9	20	
C9	21	
C9	22	
C9	23	
C9	24	
C9	25	
C9	26	
C9	27	
C9	28	
C9	29	
C9	30	
C9	31	
C9	32	
C9	33	
C9	34	
C9	35	
C9	36	
C9	37	
C9	38	
C9	39	
C9	40	
C10	1	
C10	2	
C10	3	
C10	4	
C10	5	
C10	6	
C10	7	
C10	8	
C10	9	
C10	10	
C10	11	
C10	12	
C10	13	
C10	14	
C10	15	
C10	16	
C10	17	
C10	18	
C10	19	
C10	20	
C10	21	
C10	22	
C10	23	
C10	24	
C10	25	
C10	26	
C10	27	
C10	28	
C10	29	
C10	30	
C10	31	
C10	32	
C10	33	
C10	34	
C10	35	
C10	36	
C10	37	
C10	38	
C10	39	
C10	40	
C11	1	
C11	2	
C11	3	
C11	4	
C11	5	
C11	6	
C11	7	
C11	8	
C11	9	
C11	10	
C11	11	
C11	12	
C11	13	
C11	14	
C11	15	
C11	16	
C11	17	
C11	18	
C11	19	
C11	20	
C11	21	
C11	22	
C11	23	
C11	24	
C11	25	
C11	26	
C11	27	
C11	28	
C11	29	
C11	30	
C11	31	
C11	32	
C11	33	
C11	34	
C11	35	
C11	36	
C11	37	
C11	38	
C11	39	
C11	40	
C12	1	
C12	2	
C12	3	
C12	4	
C12	5	
C12	6	
C12	7	
C12	8	
C12	9	
C12	10	
C12	11	
C12	12	
C12	13	
C12	14	
C12	15	
C12	16	
C12	17	
C12	18	
C12	19	
C12	20	
C12	21	
C12	22	
C12	23	
C12	24	
C12	25	
C12	26	
C12	27	
C12	28	
C12	29	
C12	30	
C12	31	
C12	32	
C12	33	
C12	34	
C12	35	
C12	36	
C12	37	
C12	38	
C12	39	
C12	40	
D1	1	-128.9120635986
D1	2	-86.2091064453
D1	3	-50.8216552734
D1	4	-17.714094162
D1	5	-18.1673545837
D1	6	15.6521806717
D1	7	24.1646175385
D1	8	34.5642929077
D1	9	20.2131748199
D1	10	10.3290977478
D1	11	22.1672801971
D1	12	23.7449645996
D1	13	5.6620645523
D1	14	1.6829859018
D1	15	-34.7246818542
D1	16	-9.0895633698
D1	17	-27.6633071899
D1	18	-57.4915084839
D1	19	-37.8972816467
D1	20	-48.4327583313
D1	21	-60.2613830566
D1	22	-27.9318695068
D1	23	-52.1878013611
D1	24	-72.2395172119
D1	25	-68.4611434937
D1	26	-84.927406311
D1	27	-76.7115402222
D1	28	-90.9055862427
D1	29	-88.5900421143
D1	30	-86.3511657715
D1	31	-95.652633667
D1	32	-103.3425292969
D1	33	-97.9100494385
D1	34	-113.6197738647
D1	35	-135.3316497803
D1	36	-129.7069549561
D1	37	-144.6361083984
D1	38	-156.4456329346
D1	39	-168.9210510254
D1	40	-199.6111907959
D2	1	-153.9467773438
D2	2	153.9467773438
D2	3	588.2397460938
D2	4	1517.5307617188
D2	5	3224.0092773438
D2	6	6268.8608398438
D2	7	12166.19921875
D2	8	22817.10546875
D2	9	41127.65234375
D2	10	70080.890625
D2	11	107234.703125
D2	12	141056.109375
D2	13	158858.34375
D2	14	164741.796875
D2	15	170123.640625
D2	16	173566.140625
D2	17	176507.65625
D2	18	179024.203125
D2	19	181438.53125
D2	20	183529.9375
D2	21	185086.765625
D2	22	186952.546875
D2	23	187014.9375
D2	24	188047.40625
D2	25	188282.453125
D2	26	189489.765625
D2	27	191183.71875
D2	28	192099.546875
D2	29	193507.578125
D2	30	194020.328125
D2	31	194035.546875
D2	32	194761.984375
D2	33	194777.15625
D2	34	195679.140625
D2	35	194304.28125
D2	36	196220.796875
D2	37	196318.46875
D2	38	196309.421875
D2	39	197359.265625
D2	40	196085.34375
D3	1	61.6201171875
D3	2	-61.6201171875
D3	3	256.7314453125
D3	4	473.4384765625
D3	5	1067.96484375
D3	6	2099.501953125
D3	7	4068.7236328125
D3	8	7807.5673828125
D3	9	14708.7314453125
D3	10	27223.24609375
D3	11	48792.08203125
D3	12	81061.140625
D3	13	120015.953125
D3	14	151988.515625
D3	15	166897.15625
D3	16	173048
D3	17	177689.328125
D3	18	182358.78125
D3	19	187571.59375
D3	20	189405.828125
D3	21	193456.234375
D3	22	195405.9375
D3	23	196198.75
D3	24	198256.3125
D3	25	199645.15625
D3	26	200702.84375
D3	27	202455.828125
D3	28	202717.65625
D3	29	203930.046875
D3	30	204666.8125
D3	31	205623.21875
D3	32	206158.546875
D3	33	207212.8125
D3	34	206710.03125
D3	35	208176.5
D3	36	208398.21875
D3	37	208712.3125
D3	38	208872.8125
D3	39	209433.8125
D3	40	209479.4375
D4	1	81.8442382813
D4	2	-81.8442382813
D4	3	231.6020507813
D4	4	594.6176757813
D4	5	1176.1958007813
D4	6	2100.1313476563
D4	7	4002.4604492188
D4	8	7477.4477539063
D4	9	14081.0625
D4	10	26204.080078125
D4	11	46258.04296875
D4	12	77210.3671875
D4	13	114382.109375
D4	14	145525.546875
D4	15	160134.15625
D4	16	165297.046875
D4	17	169931.171875
D4	18	173467.484375
D4	19	175452.40625
D4	20	177893.53125
D4	21	180728.421875
D4	22	181403.265625
D4	23	182158.625
D4	24	184115.671875
D4	25	185903.296875
D4	26	186005.390625
D4	27	186108.953125
D4	28	188148.453125
D4	29	189201.578125
D4	30	189236.453125
D4	31	190294.109375
D4	32	191063.796875
D4	33	191581.84375
D4	34	191985.640625
D4	35	192204.609375
D4	36	192376.765625
D4	37	194871.296875
D4	38	193734.515625
D4	39	195415.953125
D4	40	194527.84375
D5	1	-2.7048339844
D5	2	2.7048339844
D5	3	204.5480957031
D5	4	552.0075683594
D5	5	1160.6057128906
D5	6	2105.3400878906
D5	7	4134.6982421875
D5	8	7889.05078125
D5	9	14846.2177734375
D5	10	27254.1953125
D5	11	47917.3828125
D5	12	76831.7421875
D5	13	108197.7265625
D5	14	129479.7734375
D5	15	137819.171875
D5	16	141332.3125
D5	17	144393.203125
D5	18	147980.25
D5	19	149935.046875
D5	20	151604.78125
D5	21	153442.828125
D5	22	154119.328125
D5	23	155940.46875
D5	24	156780.796875
D5	25	157973.890625
D5	26	158786.484375
D5	27	159293.046875
D5	28	159990.234375
D5	29	160363.359375
D5	30	161332.609375
D5	31	162356.6875
D5	32	162536.328125
D5	33	163430.796875
D5	34	163883.640625
D5	35	163955.515625
D5	36	165052.859375
D5	37	165372.640625
D5	38	165356.328125
D5	39	165687.359375
D5	40	165673.359375
D6	1	
D6	2	
D6	3	
D6	4	
D6	5	
D6	6	
D6	7	
D6	8	
D6	9	
D6	10	
D6	11	
D6	12	
D6	13	
D6	14	
D6	15	
D6	16	
D6	17	
D6	18	
D6	19	
D6	20	
D6	21	
D6	22	
D6	23	
D6	24	
D6	25	
D6	26	
D6	27	
D6	28	
D6	29	
D6	30	
D6	31	
D6	32	
D6	33	
D6	34	
D6	35	
D6	36	
D6	37	
D6	38	
D6	39	
D6	40	
D7	1	
D7	2	
D7	3	
D7	4	
D7	5	
D7	6	
D7	7	
D7	8	
D7	9	
D7	10	
D7	11	
D7	12	
D7	13	
D7	14	
D7	15	
D7	16	
D7	17	
D7	18	
D7	19	
D7	20	
D7	21	
D7	22	
D7	23	
D7	24	
D7	25	
D7	26	
D7	27	
D7	28	
D7	29	
D7	30	
D7	31	
D7	32	
D7	33	
D7	34	
D7	35	
D7	36	
D7	37	
D7	38	
D7	39	
D7	40	
D8	1	
D8	2	
D8	3	
D8	4	
D8	5	
D8	6	
D8	7	
D8	8	
D8	9	
D8	10	
D8	11	
D8	12	
D8	13	
D8	14	
D8	15	
D8	16	
D8	17	
D8	18	
D8	19	
D8	20	
D8	21	
D8	22	
D8	23	
D8	24	
D8	25	
D8	26	
D8	27	
D8	28	
D8	29	
D8	30	
D8	31	
D8	32	
D8	33	
D8	34	
D8	35	
D8	36	
D8	37	
D8	38	
D8	39	
D8	40	
D9	1	
D9	2	
D9	3	
D9	4	
D9	5	
D9	6	
D9	7	
D9	8	
D9	9	
D9	10	
D9	11	
D9	12	
D9	13	
D9	14	
D9	15	
D9	16	
D9	17	
D9	18	
D9	19	
D9	20	
D9	21	
D9	22	
D9	23	
D9	24	
D9	25	
D9	26	
D9	27	
D9	28	
D9	29	
D9	30	
D9	31	
D9	32	
D9	33	
D9	34	
D9	35	
D9	36	
D9	37	
D9	38	
D9	39	
D9	40	
D10	1	
D10	2	
D10	3	
D10	4	
D10	5	
D10	6	
D10	7	
D10	8	
D10	9	
D10	10	
D10	11	
D10	12	
D10	13	
D10	14	
D10	15	
D10	16	
D10	17	
D10	18	
D10	19	
D10	20	
D10	21	
D10	22	
D10	23	
D10	24	
D10	25	
D10	26	
D10	27	
D10	28	
D10	29	
D10	30	
D10	31	
D10	32	
D10	33	
D10	34	
D10	35	
D10	36	
D10	37	
D10	38	
D10	39	
D10	40	
D11	1	
D11	2	
D11	3	
D11	4	
D11	5	
D11	6	
D11	7	
D11	8	
D11	9	
D11	10	
D11	11	
D11	12	
D11	13	
D11	14	
D11	15	
D11	16	
D11	17	
D11	18	
D11	19	
D11	20	
D11	21	
D11	22	
D11	23	
D11	24	
D11	25	
D11	26	
D11	27	
D11	28	
D11	29	
D11	30	
D11	31	
D11	32	
D11	33	
D11	34	
D11	35	
D11	36	
D11	37	
D11	38	
D11	39	
D11	40	
D12	1	
D12	2	
D12	3	
D12	4	
D12	5	
D12	6	
D12	7	
D12	8	
D12	9	
D12	10	
D12	11	
D12	12	
D12	13	
D12	14	
D12	15	
D12	16	
D12	17	
D12	18	
D12	19	
D12	20	
D12	21	
D12	22	
D12	23	
D12	24	
D12	25	
D12	26	
D12	27	
D12	28	
D12	29	
D12	30	
D12	31	
D12	32	
D12	33	
D12	34	
D12	35	
D12	36	
D12	37	
D12	38	
D12	39	
D12	40	
E1	1	-7.960832119
E1	2	-5.1732606888
E1	3	24.4038619995
E1	4	-1.260715127
E1	5	6.7565927505
E1	6	15.7905025482
E1	7	-5.8472189903
E1	8	-6.6895303726
E1	9	-18.3934135437
E1	10	-12.4581375122
E1	11	9.0389070511
E1	12	-15.452085495
E1	13	-0.7594848275
E1	14	6.1150007248
E1	15	-0.4941560626
E1	16	-10.2764091492
E1	17	-0.9317081571
E1	18	-14.0843219757
E1	19	1.7635521889
E1	20	-7.8377923965
E1	21	-13.340259552
E1	22	8.0693826675
E1	23	8.4255571365
E1	24	15.1411075592
E1	25	12.32076931
E1	26	-21.0359458923
E1	27	1.3717422485
E1	28	29.6419792175
E1	29	-12.0482320786
E1	30	6.2415370941
E1	31	25.9829654694
E1	32	25.1946105957
E1	33	18.3093299866
E1	34	35.2038345337
E1	35	38.8205070496
E1	36	28.2140369415
E1	37	20.9605922699
E1	38	30.3384971619
E1	39	33.5679626465
E1	40	30.4326820374
E2	1	-97.0771484375
E2	2	97.0771484375
E2	3	343.2763671875
E2	4	883.708984375
E2	5	1663.6630859375
E2	6	3210.8955078125
E2	7	5944.8310546875
E2	8	11270.6044921875
E2	9	21182.71875
E2	10	38491.26171875
E2	11	66189.125
E2	12	103435.265625
E2	13	139914.5
E2	14	160988.4375
E2	15	169972.78125
E2	16	174154.59375
E2	17	176999.8125
E2	18	179745.5
E2	19	182390.578125
E2	20	184958.203125
E2	21	185779.8125
E2	22	187787.21875
E2	23	187952.515625
E2	24	188914.5625
E2	25	188436.640625
E2	26	190149.640625
E2	27	191713.53125
E2	28	191870
E2	29	193031.328125
E2	30	194066.90625
E2	31	193964.5
E2	32	194341.046875
E2	33	195511.25
E2	34	195442.5625
E2	35	194301.015625
E2	36	196440.96875
E2	37	196318.03125
E2	38	196560.03125
E2	39	196886.28125
E2	40	195950.90625
E3	1	13.265625
E3	2	-13.265625
E3	3	213.0859375
E3	4	453.6123046875
E3	5	855.49609375
E3	6	1680.5830078125
E3	7	3190.3056640625
E3	8	5935.8125
E3	9	11131.27734375
E3	10	20916.521484375
E3	11	38237.71875
E3	12	66107.0546875
E3	13	103909.0625
E3	14	141631.625
E3	15	165521
E3	16	173854.5
E3	17	177958.28125
E3	18	181804.1875
E3	19	185749.09375
E3	20	187016.6875
E3	21	189217.5625
E3	22	190661.59375
E3	23	191026.625
E3	24	192848.75
E3	25	194133.40625
E3	26	194800.15625
E3	27	196240.96875
E3	28	196894.4375
E3	29	197599.90625
E3	30	198261.3125
E3	31	199240.90625
E3	32	199550.90625
E3	33	200210.3125
E3	34	200678.0625
E3	35	201690.90625
E3	36	202227.96875
E3	37	202407.03125
E3	38	201795.09375
E3	39	202281.21875
E3	40	202351.71875
E4	1	103.3935546875
E4	2	-103.3935546875
E4	3	317.77734375
E4	4	734.158203125
E4	5	1401.9951171875
E4	6	2472.5185546875
E4	7	4608.7666015625
E4	8	8772.3095703125
E4	9	16473.08984375
E4	10	30521.90625
E4	11	53338.64453125
E4	12	88123.2734375
E4	13	127518.484375
E4	14	157768.484375
E4	15	170827.4375
E4	16	175344.828125
E4	17	179376.640625
E4	18	183243.953125
E4	19	185677.625
E4	20	187806.203125
E4	21	189721.453125
E4	22	190014.296875
E4	23	191488.21875
E4	24	194563.828125
E4	25	195696.9375
E4	26	196054.875
E4	27	195531.75
E4	28	198198.875
E4	29	199066.765625
E4	30	199690.703125
E4	31	200790.703125
E4	32	201761.015625
E4	33	202426.359375
E4	34	202086.078125
E4	35	202148.59375
E4	36	202517.390625
E4	37	204835.28125
E4	38	203169.765625
E4	39	205252.09375
E4	40	204908.765625
E5	1	-90.4077148438
E5	2	90.4077148438
E5	3	538.7524414063
E5	4	1359.0834960938
E5	5	2795.2368164063
E5	6	5607.5825195313
E5	7	10677.5546875
E5	8	20103.8828125
E5	9	36353.1640625
E5	10	61816.59765625
E5	11	93317.234375
E5	12	121319.5390625
E5	13	134820.8125
E5	14	138921.1875
E5	15	142503.671875
E5	16	144893.4375
E5	17	147633.0625
E5	18	149742.828125
E5	19	151296.1875
E5	20	152705.484375
E5	21	154156.46875
E5	22	155098.375
E5	23	156123.828125
E5	24	157119.09375
E5	25	158336.859375
E5	26	158834
E5	27	159558.84375
E5	28	160531.71875
E5	29	160840.296875
E5	30	160949.28125
E5	31	161458.5
E5	32	161851.390625
E5	33	162281.703125
E5	34	162509.75
E5	35	162413.796875
E5	36	163336.84375
E5	37	163757.421875
E5	38	163573.65625
E5	39	164023.046875
E5	40	163854.0625
E6	1	
E6	2	
E6	3	
E6	4	
E6	5	
E6	6	
E6	7	
E6	8	
E6	9	
E6	10	
E6	11	
E6	12	
E6	13	
E6	14	
E6	15	
E6	16	
E6	17	
E6	18	
E6	19	
E6	20	
E6	21	
E6	22	
E6	23	
E6	24	
E6	25	
E6	26	
E6	27	
E6	28	
E6	29	
E6	30	
E6	31	
E6	32	
E6	33	
E6	34	
E6	35	
E6	36	
E6	37	
E6	38	
E6	39	
E6	40	
E7	1	
E7	2	
E7	3	
E7	4	
E7	5	
E7	6	
E7	7	
E7	8	
E7	9	
E7	10	
E7	11	
E7	12	
E7	13	
E7	14	
E7	15	
E7	16	
E7	17	
E7	18	
E7	19	
E7	20	
E7	21	
E7	22	
E7	23	
E7	24	
E7	25	
E7	26	
E7	27	
E7	28	
E7	29	
E7	30	
E7	31	
E7	32	
E7	33	
E7	34	
E7	35	
E7	36	
E7	37	
E7	38	
E7	39	
E7	40	
E8	1	
E8	2	
E8	3	
E8	4	
E8	5	
E8	6	
E8	7	
E8	8	
E8	9	
E8	10	
E8	11	
E8	12	
E8	13	
E8	14	
E8	15	
E8	16	
E8	17	
E8	18	
E8	19	
E8	20	
E8	21	
E8	22	
E8	23	
E8	24	
E8	25	
E8	26	
E8	27	
E8	28	
E8	29	
E8	30	
E8	31	
E8	32	
E8	33	
E8	34	
E8	35	
E8	36	
E8	37	
E8	38	
E8	39	
E8	40	
E9	1	
E9	2	
E9	3	
E9	4	
E9	5	
E9	6	
E9	7	
E9	8	
E9	9	
E9	10	
E9	11	
E9	12	
E9	13	
E9	14	
E9	15	
E9	16	
E9	17	
E9	18	
E9	19	
E9	20	
E9	21	
E9	22	
E9	23	
E9	24	
E9	25	
E9	26	
E9	27	
E9	28	
E9	29	
E9	30	
E9	31	
E9	32	
E9	33	
E9	34	
E9	35	
E9	36	
E9	37	
E9	38	
E9	39	
E9	40	
E10	1	
E10	2	
E10	3	
E10	4	
E10	5	
E10	6	
E10	7	
E10	8	
E10	9	
E10	10	
E10	11	
E10	12	
E10	13	
E10	14	
E10	15	
E10	16	
E10	17	
E10	18	
E10	19	
E10	20	
E10	21	
E10	22	
E10	23	
E10	24	
E10	25	
E10	26	
E10	27	
E10	28	
E10	29	
E10	30	
E10	31	
E10	32	
E10	33	
E10	34	
E10	35	
E10	36	
E10	37	
E10	38	
E10	39	
E10	40	
E11	1	
E11	2	
E11	3	
E11	4	
E11	5	
E11	6	
E11	7	
E11	8	
E11	9	
E11	10	
E11	11	
E11	12	
E11	13	
E11	14	
E11	15	
E11	16	
E11	17	
E11	18	
E11	19	
E11	20	
E11	21	
E11	22	
E11	23	
E11	24	
E11	25	
E11	26	
E11	27	
E11	28	
E11	29	
E11	30	
E11	31	
E11	32	
E11	33	
E11	34	
E11	35	
E11	36	
E11	37	
E11	38	
E11	39	
E11	40	
E12	1	
E12	2	
E12	3	
E12	4	
E12	5	
E12	6	
E12	7	
E12	8	
E12	9	
E12	10	
E12	11	
E12	12	
E12	13	
E12	14	
E12	15	
E12	16	
E12	17	
E12	18	
E12	19	
E12	20	
E12	21	
E12	22	
E12	23	
E12	24	
E12	25	
E12	26	
E12	27	
E12	28	
E12	29	
E12	30	
E12	31	
E12	32	
E12	33	
E12	34	
E12	35	
E12	36	
E12	37	
E12	38	
E12	39	
E12	40	
F1	1	-23.0715885162
F1	2	-28.9702625275
F1	3	-8.2659091949
F1	4	-14.8017902374
F1	5	-4.2309818268
F1	6	-0.4292165339
F1	7	2.8417873383
F1	8	5.7241191864
F1	9	-2.8835391998
F1	10	7.8327770233
F1	11	-2.713357687
F1	12	5.8232712746
F1	13	-11.6215457916
F1	14	15.2270946503
F1	15	-4.1823210716
F1	16	-1.9608778954
F1	17	31.2212581635
F1	18	-0.7928937078
F1	19	26.6780605316
F1	20	-2.2555248737
F1	21	-14.7262201309
F1	22	-12.7286539078
F1	23	7.9395666122
F1	24	-0.3763436079
F1	25	-0.6319511533
F1	26	1.7891991138
F1	27	-9.2962427139
F1	28	-15.5320749283
F1	29	2.6561655998
F1	30	-6.6592564583
F1	31	6.3553996086
F1	32	-12.0137329102
F1	33	-14.0232467651
F1	34	-3.0647432804
F1	35	3.537071228
F1	36	-0.4700012505
F1	37	-17.1294174194
F1	38	-1.8679350615
F1	39	-4.8398513794
F1	40	-23.3173828125
F2	1	-8.9819335938
F2	2	8.9819335938
F2	3	371.9184570313
F2	4	829.4008789063
F2	5	1550.9946289063
F2	6	2923.9086914063
F2	7	5342.1137695313
F2	8	10199.38671875
F2	9	19118.654296875
F2	10	34663.57421875
F2	11	60359.53515625
F2	12	96335.5546875
F2	13	133688
F2	14	157701.15625
F2	15	167342.75
F2	16	171778.578125
F2	17	174955.765625
F2	18	178878.5625
F2	19	180760.65625
F2	20	182713.078125
F2	21	183828.15625
F2	22	184990.765625
F2	23	187132.546875
F2	24	188114.75
F2	25	189362.828125
F2	26	190093.1875
F2	27	189656.0625
F2	28	190516.734375
F2	29	191513.8125
F2	30	192024.359375
F2	31	192597.9375
F2	32	192711.640625
F2	33	193761.5
F2	34	193472.3125
F2	35	194384.0625
F2	36	194566.1875
F2	37	194693.578125
F2	38	195647.953125
F2	39	194973.46875
F2	40	195581.34375
F3	1	-50.3369140625
F3	2	50.3369140625
F3	3	398.6689453125
F3	4	726.5341796875
F3	5	1450.9072265625
F3	6	2730.3681640625
F3	7	5247.2119140625
F3	8	9842.2275390625
F3	9	18202.66796875
F3	10	33424.96484375
F3	11	58840.62890625
F3	12	94764.7109375
F3	13	135102.546875
F3	14	162606.71875
F3	15	174199.546875
F3	16	178462.953125
F3	17	182547.640625
F3	18	186331.15625
F3	19	189019.46875
F3	20	190706.703125
F3	21	193293.078125
F3	22	194399.671875
F3	23	194894.15625
F3	24	196702.578125
F3	25	198487.78125
F3	26	198681.640625
F3	27	199695.359375
F3	28	200592.953125
F3	29	202228.015625
F3	30	202032.859375
F3	31	203092.828125
F3	32	203602.765625
F3	33	204478.28125
F3	34	204849.828125
F3	35	205609.953125
F3	36	206274.859375
F3	37	206143.515625
F3	38	207194.859375
F3	39	207340.5
F3	40	206859.359375
F4	1	1.0317382813
F4	2	-1.0317382813
F4	3	167.0014648438
F4	4	271.5756835938
F4	5	604.7807617188
F4	6	1038.4282226563
F4	7	1735.1499023438
F4	8	3247.2182617188
F4	9	5934.4897460938
F4	10	11213.580078125
F4	11	20992.341796875
F4	12	38161.72265625
F4	13	66625.3359375
F4	14	105337.8671875
F4	15	146142.296875
F4	16	171595.25
F4	17	181396.578125
F4	18	187001.4375
F4	19	191198.671875
F4	20	194336.96875
F4	21	196862.171875
F4	22	198744.703125
F4	23	201145.890625
F4	24	203098.609375
F4	25	204560.234375
F4	26	206127.921875
F4	27	207261.984375
F4	28	208721.515625
F4	29	209205.015625
F4	30	210362.109375
F4	31	211474.40625
F4	32	212609.421875
F4	33	213520.765625
F4	34	212563.015625
F4	35	214063.171875
F4	36	214586.296875
F4	37	214145.28125
F4	38	215453.859375
F4	39	215060.4375
F4	40	215450.78125
F5	1	-122.1782226563
F5	2	122.1782226563
F5	3	803.8266601563
F5	4	1999.2563476563
F5	5	4170.7856445313
F5	6	8150.9223632813
F5	7	15551.6015625
F5	8	28799.58984375
F5	9	50473.80859375
F5	10	81483.8984375
F5	11	115341.265625
F5	12	139846.53125
F5	13	149869.40625
F5	14	153384.0625
F5	15	156942.71875
F5	16	158818.09375
F5	17	160918.109375
F5	18	162916.125
F5	19	164238.25
F5	20	165170.1875
F5	21	166320.4375
F5	22	167130.328125
F5	23	168033.59375
F5	24	169028.03125
F5	25	169683.90625
F5	26	170060.140625
F5	27	170936.890625
F5	28	171751.4375
F5	29	172294.15625
F5	30	172608.234375
F5	31	173229.71875
F5	32	173694.5625
F5	33	174136.96875
F5	34	174170.125
F5	35	174420.21875
F5	36	174616.546875
F5	37	175156.890625
F5	38	175103.15625
F5	39	175394.71875
F5	40	175507.578125
F6	1	
F6	2	
F6	3	
F6	4	
F6	5	
F6	6	
F6	7	
F6	8	
F6	9	
F6	10	
F6	11	
F6	12	
F6	13	
F6	14	
F6	15	
F6	16	
F6	17	
F6	18	
F6	19	
F6	20	
F6	21	
F6	22	
F6	23	
F6	24	
F6	25	
F6	26	
F6	27	
F6	28	
F6	29	
F6	30	
F6	31	
F6	32	
F6	33	
F6	34	
F6	35	
F6	36	
F6	37	
F6	38	
F6	39	
F6	40	
F7	1	
F7	2	
F7	3	
F7	4	
F7	5	
F7	6	
F7	7	
F7	8	
F7	9	
F7	10	
F7	11	
F7	12	
F7	13	
F7	14	
F7	15	
F7	16	
F7	17	
F7	18	
F7	19	
F7	20	
F7	21	
F7	22	
F7	23	
F7	24	
F7	25	
F7	26	
F7	27	
F7	28	
F7	29	
F7	30	
F7	31	
F7	32	
F7	33	
F7	34	
F7	35	
F7	36	
F7	37	
F7	38	
F7	39	
F7	40	
F8	1	
F8	2	
F8	3	
F8	4	
F8	5	
F8	6	
F8	7	
F8	8	
F8	9	
F8	10	
F8	11	
F8	12	
F8	13	
F8	14	
F8	15	
F8	16	
F8	17	
F8	18	
F8	19	
F8	20	
F8	21	
F8	22	
F8	23	
F8	24	
F8	25	
F8	26	
F8	27	
F8	28	
F8	29	
F8	30	
F8	31	
F8	32	
F8	33	
F8	34	
F8	35	
F8	36	
F8	37	
F8	38	
F8	39	
F8	40	
F9	1	
F9	2	
F9	3	
F9	4	
F9	5	
F9	6	
F9	7	
F9	8	
F9	9	
F9	10	
F9	11	
F9	12	
F9	13	
F9	14	
F9	15	
F9	16	
F9	17	
F9	18	
F9	19	
F9	20	
F9	21	
F9	22	
F9	23	
F9	24	
F9	25	
F9	26	
F9	27	
F9	28	
F9	29	
F9	30	
F9	31	
F9	32	
F9	33	
F9	34	
F9	35	
F9	36	
F9	37	
F9	38	
F9	39	
F9	40	
F10	1	
F10	2	
F10	3	
F10	4	
F10	5	
F10	6	
F10	7	
F10	8	
F10	9	
F10	10	
F10	11	
F10	12	
F10	13	
F10	14	
F10	15	
F10	16	
F10	17	
F10	18	
F10	19	
F10	20	
F10	21	
F10	22	
F10	23	
F10	24	
F10	25	
F10	26	
F10	27	
F10	28	
F10	29	
F10	30	
F10	31	
F10	32	
F10	33	
F10	34	
F10	35	
F10	36	
F10	37	
F10	38	
F10	39	
F10	40	
F11	1	
F11	2	
F11	3	
F11	4	
F11	5	
F11	6	
F11	7	
F11	8	
F11	9	
F11	10	
F11	11	
F11	12	
F11	13	
F11	14	
F11	15	
F11	16	
F11	17	
F11	18	
F11	19	
F11	20	
F11	21	
F11	22	
F11	23	
F11	24	
F11	25	
F11	26	
F11	27	
F11	28	
F11	29	
F11	30	
F11	31	
F11	32	
F11	33	
F11	34	
F11	35	
F11	36	
F11	37	
F11	38	
F11	39	
F11	40	
F12	1	
F12	2	
F12	3	
F12	4	
F12	5	
F12	6	
F12	7	
F12	8	
F12	9	
F12	10	
F12	11	
F12	12	
F12	13	
F12	14	
F12	15	
F12	16	
F12	17	
F12	18	
F12	19	
F12	20	
F12	21	
F12	22	
F12	23	
F12	24	
F12	25	
F12	26	
F12	27	
F12	28	
F12	29	
F12	30	
F12	31	
F12	32	
F12	33	
F12	34	
F12	35	
F12	36	
F12	37	
F12	38	
F12	39	
F12	40	
G1	1	12.2710313797
G1	2	17.7551269531
G1	3	0.3627581
G1	4	1.7655552626
G1	5	-0.9649483562
G1	6	-9.0724048615
G1	7	12.163643837
G1	8	-4.2546038628
G1	9	-31.47265625
G1	10	-19.2666358948
G1	11	-24.0603733063
G1	12	-19.6534252167
G1	13	-19.6742115021
G1	14	-18.2255153656
G1	15	-22.6525535583
G1	16	-42.3395996094
G1	17	-16.1731300354
G1	18	-38.6450881958
G1	19	-28.7759838104
G1	20	-43.1754341125
G1	21	-44.1981735229
G1	22	-32.9191551208
G1	23	-48.197265625
G1	24	-54.2234230042
G1	25	-43.9644241333
G1	26	-60.7291069031
G1	27	-75.2818756104
G1	28	-55.6979293823
G1	29	-45.8236961365
G1	30	-76.5454101563
G1	31	-66.2126846313
G1	32	-65.2393264771
G1	33	-72.2220306396
G1	34	-49.9774360657
G1	35	-70.5267868042
G1	36	-67.5190048218
G1	37	-64.908203125
G1	38	-77.5923233032
G1	39	-92.4473342896
G1	40	-82.7767181396
G2	1	-122.0346679688
G2	2	122.0346679688
G2	3	683.8247070313
G2	4	1619.5102539063
G2	5	3150.3364257813
G2	6	6110.9204101563
G2	7	11443.380859375
G2	8	21650.146484375
G2	9	39406.35546875
G2	10	67372.8046875
G2	11	105154.3359375
G2	12	141274.1875
G2	13	162446.90625
G2	14	169354.859375
G2	15	175091.171875
G2	16	178060.8125
G2	17	181416.203125
G2	18	183650.328125
G2	19	187351.046875
G2	20	189261.5
G2	21	190580.609375
G2	22	191688.890625
G2	23	191853.828125
G2	24	193145.984375
G2	25	193199.328125
G2	26	195120.640625
G2	27	195814.578125
G2	28	196046.953125
G2	29	197922.203125
G2	30	199031.484375
G2	31	199316.28125
G2	32	200625.015625
G2	33	201259.671875
G2	34	200889.03125
G2	35	200633.734375
G2	36	201652.953125
G2	37	201853.515625
G2	38	202435.109375
G2	39	201177.640625
G2	40	201493.34375
G3	1	-69.37109375
G3	2	69.37109375
G3	3	376.88671875
G3	4	836.431640625
G3	5	1528.9208984375
G3	6	2857.533203125
G3	7	5352.28515625
G3	8	10048.505859375
G3	9	18573.447265625
G3	10	34062.7421875
G3	11	59600.3515625
G3	12	96028.5390625
G3	13	135928.015625
G3	14	162632.03125
G3	15	173844.453125
G3	16	177951.046875
G3	17	181645.40625
G3	18	185321.5625
G3	19	187736.5625
G3	20	189903.734375
G3	21	191998.671875
G3	22	193193.984375
G3	23	194030.125
G3	24	196115.796875
G3	25	197178.234375
G3	26	197702.796875
G3	27	198759.078125
G3	28	199757.515625
G3	29	200762.421875
G3	30	201290.109375
G3	31	201986.9375
G3	32	202779.359375
G3	33	203836.984375
G3	34	203792.984375
G3	35	204796.265625
G3	36	205310.015625
G3	37	206084.515625
G3	38	206924
G3	39	206487.203125
G3	40	206470.546875
G4	1	-64.42578125
G4	2	64.42578125
G4	3	379.07421875
G4	4	858.234375
G4	5	1653.970703125
G4	6	2994.3125
G4	7	5616.173828125
G4	8	10557.8671875
G4	9	19659.93359375
G4	10	35903.9765625
G4	11	62729.390625
G4	12	100057.703125
G4	13	140308.5625
G4	14	166873.1875
G4	15	178189.609375
G4	16	182303.71875
G4	17	186057.71875
G4	18	189890.453125
G4	19	191886.546875
G4	20	194417.40625
G4	21	196634.96875
G4	22	198326.109375
G4	23	199516.671875
G4	24	201045.546875
G4	25	201971.25
G4	26	202727.671875
G4	27	203928.921875
G4	28	204876.890625
G4	29	205856.890625
G4	30	206004.796875
G4	31	207169.59375
G4	32	208376.078125
G4	33	208520.6875
G4	34	207935.078125
G4	35	208524.703125
G4	36	208855.765625
G4	37	209277.734375
G4	38	209744.140625
G4	39	209814.171875
G4	40	210063.0625
G5	1	-238.4057617188
G5	2	238.4057617188
G5	3	833.4916992188
G5	4	1729.7475585938
G5	5	3293.5932617188
G5	6	6041.5639648438
G5	7	11263.302734375
G5	8	20716.1171875
G5	9	37274.1796875
G5	10	64355.609375
G5	11	100831.03125
G5	12	137961.84375
G5	13	161620.609375
G5	14	168907.21875
G5	15	173633.328125
G5	16	177080.625
G5	17	179620.09375
G5	18	183172.9375
G5	19	185432.484375
G5	20	187199.21875
G5	21	188691.0625
G5	22	189735.6875
G5	23	190792.84375
G5	24	192486.890625
G5	25	193629.671875
G5	26	194565.5625
G5	27	195364.25
G5	28	196721.125
G5	29	197880.84375
G5	30	198173.671875
G5	31	199090.890625
G5	32	199710.359375
G5	33	200298.78125
G5	34	200362
G5	35	200616.53125
G5	36	201233.234375
G5	37	202140.125
G5	38	202291.46875
G5	39	202495.71875
G5	40	202502.65625
G6	1	
G6	2	
G6	3	
G6	4	
G6	5	
G6	6	
G6	7	
G6	8	
G6	9	
G6	10	
G6	11	
G6	12	
G6	13	
G6	14	
G6	15	
G6	16	
G6	17	
G6	18	
G6	19	
G6	20	
G6	21	
G6	22	
G6	23	
G6	24	
G6	25	
G6	26	
G6	27	
G6	28	
G6	29	
G6	30	
G6	31	
G6	32	
G6	33	
G6	34	
G6	35	
G6	36	
G6	37	
G6	38	
G6	39	
G6	40	
G7	1	
G7	2	
G7	3	
G7	4	
G7	5	
G7	6	
G7	7	
G7	8	
G7	9	
G7	10	
G7	11	
G7	12	
G7	13	
G7	14	
G7	15	
G7	16	
G7	17	
G7	18	
G7	19	
G7	20	
G7	21	
G7	22	
G7	23	
G7	24	
G7	25	
G7	26	
G7	27	
G7	28	
G7	29	
G7	30	
G7	31	
G7	32	
G7	33	
G7	34	
G7	35	
G7	36	
G7	37	
G7	38	
G7	39	
G7	40	
G8	1	
G8	2	
G8	3	
G8	4	
G8	5	
G8	6	
G8	7	
G8	8	
G8	9	
G8	10	
G8	11	
G8	12	
G8	13	
G8	14	
G8	15	
G8	16	
G8	17	
G8	18	
G8	19	
G8	20	
G8	21	
G8	22	
G8	23	
G8	24	
G8	25	
G8	26	
G8	27	
G8	28	
G8	29	
G8	30	
G8	31	
G8	32	
G8	33	
G8	34	
G8	35	
G8	36	
G8	37	
G8	38	
G8	39	
G8	40	
G9	1	
G9	2	
G9	3	
G9	4	
G9	5	
G9	6	
G9	7	
G9	8	
G9	9	
G9	10	
G9	11	
G9	12	
G9	13	
G9	14	
G9	15	
G9	16	
G9	17	
G9	18	
G9	19	
G9	20	
G9	21	
G9	22	
G9	23	
G9	24	
G9	25	
G9	26	
G9	27	
G9	28	
G9	29	
G9	30	
G9	31	
G9	32	
G9	33	
G9	34	
G9	35	
G9	36	
G9	37	
G9	38	
G9	39	
G9	40	
G10	1	
G10	2	
G10	3	
G10	4	
G10	5	
G10	6	
G10	7	
G10	8	
G10	9	
G10	10	
G10	11	
G10	12	
G10	13	
G10	14	
G10	15	
G10	16	
G10	17	
G10	18	
G10	19	
G10	20	
G10	21	
G10	22	
G10	23	
G10	24	
G10	25	
G10	26	
G10	27	
G10	28	
G10	29	
G10	30	
G10	31	
G10	32	
G10	33	
G10	34	
G10	35	
G10	36	
G10	37	
G10	38	
G10	39	
G10	40	
G11	1	
G11	2	
G11	3	
G11	4	
G11	5	
G11	6	
G11	7	
G11	8	
G11	9	
G11	10	
G11	11	
G11	12	
G11	13	
G11	14	
G11	15	
G11	16	
G11	17	
G11	18	
G11	19	
G11	20	
G11	21	
G11	22	
G11	23	
G11	24	
G11	25	
G11	26	
G11	27	
G11	28	
G11	29	
G11	30	
G11	31	
G11	32	
G11	33	
G11	34	
G11	35	
G11	36	
G11	37	
G11	38	
G11	39	
G11	40	
G12	1	
G12	2	
G12	3	
G12	4	
G12	5	
G12	6	
G12	7	
G12	8	
G12	9	
G12	10	
G12	11	
G12	12	
G12	13	
G12	14	
G12	15	
G12	16	
G12	17	
G12	18	
G12	19	
G12	20	
G12	21	
G12	22	
G12	23	
G12	24	
G12	25	
G12	26	
G12	27	
G12	28	
G12	29	
G12	30	
G12	31	
G12	32	
G12	33	
G12	34	
G12	35	
G12	36	
G12	37	
G12	38	
G12	39	
G12	40	
H1	1	-7.1850357056
H1	2	-8.588309288
H1	3	2.9927926064
H1	4	-2.8489573002
H1	5	8.6342439651
H1	6	20.7580699921
H1	7	-10.0822143555
H1	8	6.9261331558
H1	9	-21.9053630829
H1	10	-8.4875917435
H1	11	-2.4045364857
H1	12	3.9863796234
H1	13	-6.4640126228
H1	14	-1.6390147209
H1	15	-8.5605983734
H1	16	14.7817335129
H1	17	3.0403254032
H1	18	12.4251384735
H1	19	10.6712789536
H1	20	-14.8604125977
H1	21	-27.2224254608
H1	22	4.4326500893
H1	23	16.4502754211
H1	24	3.2738087177
H1	25	-17.2444553375
H1	26	-6.5447006226
H1	27	9.9648675919
H1	28	9.9265842438
H1	29	-8.6666297913
H1	30	-4.8850889206
H1	31	16.2260417938
H1	32	13.7334127426
H1	33	26.5025024414
H1	34	9.8936634064
H1	35	31.4403419495
H1	36	34.0949287415
H1	37	24.9880428314
H1	38	36.5486373901
H1	39	12.0174331665
H1	40	21.677148819
H2	1	-463.0732421875
H2	2	463.0732421875
H2	3	1473.6552734375
H2	4	2829.9541015625
H2	5	4850.6181640625
H2	6	8669.9521484375
H2	7	15776.0673828125
H2	8	28657.62890625
H2	9	50200.1640625
H2	10	83212.171875
H2	11	122574.2265625
H2	12	154711.234375
H2	13	169140.59375
H2	14	174177.453125
H2	15	179009.984375
H2	16	180727.0625
H2	17	183932.609375
H2	18	186244.234375
H2	19	188246.578125
H2	20	189944.875
H2	21	191034.421875
H2	22	192451.40625
H2	23	193382.015625
H2	24	194166.0625
H2	25	195164.796875
H2	26	195527.5625
H2	27	196161.40625
H2	28	196915.265625
H2	29	197088.25
H2	30	197043.109375
H2	31	197766.984375
H2	32	198008.140625
H2	33	198622.828125
H2	34	198534.859375
H2	35	198700.8125
H2	36	199225.109375
H2	37	199695.96875
H2	38	199184.578125
H2	39	199392.578125
H2	40	199697.609375
H3	1	-396.8139648438
H3	2	396.8139648438
H3	3	1135.3637695313
H3	4	1711.1030273438
H3	5	2539.2983398438
H3	6	3900.9760742188
H3	7	6434.2084960938
H3	8	11154.685546875
H3	9	19453.654296875
H3	10	34805.390625
H3	11	60294.1875
H3	12	96403.7578125
H3	13	136789.375
H3	14	165894.3125
H3	15	178675.4375
H3	16	183447.40625
H3	17	187736.453125
H3	18	191742.84375
H3	19	195187.9375
H3	20	196825.640625
H3	21	199882.671875
H3	22	200850.5625
H3	23	201244.21875
H3	24	202742.421875
H3	25	204123.78125
H3	26	204589.5625
H3	27	205546.46875
H3	28	206083.4375
H3	29	207402.734375
H3	30	208203.71875
H3	31	208956.21875
H3	32	209760.296875
H3	33	210452.53125
H3	34	210410.375
H3	35	210922.109375
H3	36	211413
H3	37	211524.875
H3	38	211661.46875
H3	39	212343.03125
H3	40	212097.9375
H4	1	-359.3896484375
H4	2	359.3896484375
H4	3	1032.7802734375
H4	4	1748.4912109375
H4	5	2750.4423828125
H4	6	4417.3876953125
H4	7	7538.9580078125
H4	8	13294.0595703125
H4	9	23885.71875
H4	10	42397.875
H4	11	72500.2734375
H4	12	112828.609375
H4	13	153405.5
H4	14	177696.5625
H4	15	188078.28125
H4	16	191329.515625
H4	17	195321.53125
H4	18	198517.046875
H4	19	200979.515625
H4	20	202562.84375
H4	21	204352.75
H4	22	205259.4375
H4	23	206287.09375
H4	24	207761.875
H4	25	208879.96875
H4	26	209441.4375
H4	27	210141.953125
H4	28	210756.625
H4	29	211563.625
H4	30	211939.125
H4	31	213172.546875
H4	32	213229.03125
H4	33	214091.828125
H4	34	214274.3125
H4	35	214343.671875
H4	36	214803.484375
H4	37	215481.828125
H4	38	215341.90625
H4	39	215875.21875
H4	40	215459.6875
H5	1	-253.2880859375
H5	2	253.2880859375
H5	3	834.240234375
H5	4	1503.1689453125
H5	5	2486.1904296875
H5	6	4159.6376953125
H5	7	7320.9248046875
H5	8	13177.7646484375
H5	9	23817.796875
H5	10	42222.32421875
H5	11	70638.78125
H5	12	106578.6875
H5	13	139129.203125
H5	14	155538.859375
H5	15	161817.328125
H5	16	165049.953125
H5	17	167906.46875
H5	18	170665.625
H5	19	172654.125
H5	20	174234.03125
H5	21	175705.65625
H5	22	176977.859375
H5	23	178006.703125
H5	24	179127.578125
H5	25	179772.859375
H5	26	180257.765625
H5	27	181277.390625
H5	28	182187.953125
H5	29	182595.03125
H5	30	183393.859375
H5	31	184190.484375
H5	32	184524.734375
H5	33	185078.671875
H5	34	185598.5
H5	35	185664.375
H5	36	186656.03125
H5	37	186830.53125
H5	38	187098.484375
H5	39	187169.75
H5	40	187233.734375
H6	1	
H6	2	
H6	3	
H6	4	
H6	5	
H6	6	
H6	7	
H6	8	
H6	9	
H6	10	
H6	11	
H6	12	
H6	13	
H6	14	
H6	15	
H6	16	
H6	17	
H6	18	
H6	19	
H6	20	
H6	21	
H6	22	
H6	23	
H6	24	
H6	25	
H6	26	
H6	27	
H6	28	
H6	29	
H6	30	
H6	31	
H6	32	
H6	33	
H6	34	
H6	35	
H6	36	
H6	37	
H6	38	
H6	39	
H6	40	
H7	1	
H7	2	
H7	3	
H7	4	
H7	5	
H7	6	
H7	7	
H7	8	
H7	9	
H7	10	
H7	11	
H7	12	
H7	13	
H7	14	
H7	15	
H7	16	
H7	17	
H7	18	
H7	19	
H7	20	
H7	21	
H7	22	
H7	23	
H7	24	
H7	25	
H7	26	
H7	27	
H7	28	
H7	29	
H7	30	
H7	31	
H7	32	
H7	33	
H7	34	
H7	35	
H7	36	
H7	37	
H7	38	
H7	39	
H7	40	
H8	1	
H8	2	
H8	3	
H8	4	
H8	5	
H8	6	
H8	7	
H8	8	
H8	9	
H8	10	
H8	11	
H8	12	
H8	13	
H8	14	
H8	15	
H8	16	
H8	17	
H8	18	
H8	19	
H8	20	
H8	21	
H8	22	
H8	23	
H8	24	
H8	25	
H8	26	
H8	27	
H8	28	
H8	29	
H8	30	
H8	31	
H8	32	
H8	33	
H8	34	
H8	35	
H8	36	
H8	37	
H8	38	
H8	39	
H8	40	
H9	1	
H9	2	
H9	3	
H9	4	
H9	5	
H9	6	
H9	7	
H9	8	
H9	9	
H9	10	
H9	11	
H9	12	
H9	13	
H9	14	
H9	15	
H9	16	
H9	17	
H9	18	
H9	19	
H9	20	
H9	21	
H9	22	
H9	23	
H9	24	
H9	25	
H9	26	
H9	27	
H9	28	
H9	29	
H9	30	
H9	31	
H9	32	
H9	33	
H9	34	
H9	35	
H9	36	
H9	37	
H9	38	
H9	39	
H9	40	
H10	1	
H10	2	
H10	3	
H10	4	
H10	5	
H10	6	
H10	7	
H10	8	
H10	9	
H10	10	
H10	11	
H10	12	
H10	13	
H10	14	
H10	15	
H10	16	
H10	17	
H10	18	
H10	19	
H10	20	
H10	21	
H10	22	
H10	23	
H10	24	
H10	25	
H10	26	
H10	27	
H10	28	
H10	29	
H10	30	
H10	31	
H10	32	
H10	33	
H10	34	
H10	35	
H10	36	
H10	37	
H10	38	
H10	39	
H10	40	
H11	1	
H11	2	
H11	3	
H11	4	
H11	5	
H11	6	
H11	7	
H11	8	
H11	9	
H11	10	
H11	11	
H11	12	
H11	13	
H11	14	
H11	15	
H11	16	
H11	17	
H11	18	
H11	19	
H11	20	
H11	21	
H11	22	
H11	23	
H11	24	
H11	25	
H11	26	
H11	27	
H11	28	
H11	29	
H11	30	
H11	31	
H11	32	
H11	33	
H11	34	
H11	35	
H11	36	
H11	37	
H11	38	
H11	39	
H11	40	
H12	1	
H12	2	
H12	3	
H12	4	
H12	5	
H12	6	
H12	7	
H12	8	
H12	9	
H12	10	
H12	11	
H12	12	
H12	13	
H12	14	
H12	15	
H12	16	
H12	17	
H12	18	
H12	19	
H12	20	
H12	21	
H12	22	
H12	23	
H12	24	
H12	25	
H12	26	
H12	27	
H12	28	
H12	29	
H12	30	
H12	31	
H12	32	
H12	33	
H12	34	
H12	35	
H12	36	
H12	37	
H12	38	
H12	39	
H12	40	
