{"templates":["97b33141af2c29b6809dde38ff58bfafd176f328"],"oligo":{"based_on":"prediction","res_to_mdl":124,"state":"homo-dimer","state_bu":"homo-dimer","qs_prediction":"0.111","qs_conserved":"conserved","chains_to_mdl":2,"state_tpl":"homo-dimer"},"gdt_ha":null,"pred_lddt":0.0359999985,"gdt_ts":null,"chain_subprj_list":null,"creation_date":"2018-09-27","ligands":[],"modified_template":false,"residue_range":[{"chain_name":"A","residue_from":"475","residue_to":"532"},{"chain_name":"B","residue_from":"470","residue_to":"532"}],"lddt_ca":null,"mod_engine":"PROMOD3","lddt":null}