{"templates":["80b52d1dab5cdcc1e717e888c11f5f4fb95e6c61"],"oligo":{"based_on":"prediction","res_to_mdl":118,"state":"homo-dimer","state_bu":"homo-dimer","qs_prediction":"0.238","qs_conserved":"conserved","chains_to_mdl":2,"state_tpl":"homo-dimer"},"gdt_ha":null,"pred_lddt":0.0460000001,"gdt_ts":null,"chain_subprj_list":null,"creation_date":"2018-09-27","ligands":[],"modified_template":false,"residue_range":[{"chain_name":"C","residue_from":"471","residue_to":"529"},{"chain_name":"D","residue_from":"471","residue_to":"529"}],"lddt_ca":null,"mod_engine":"PROMOD3","lddt":null}